TransactionID,accm_txn_complete_time
1,2024-01-01 11:33:00
2,2024-01-01 09:00:00
3,2024-01-01 10:12:00
4,2024-01-01 10:45:00
5,2024-01-01 09:38:00
6,2024-01-01 09:30:00
7,2024-01-01 10:25:00
8,2024-01-01 13:07:00
9,2024-01-01 13:15:00
10,2024-01-01 13:02:00
11,2024-01-01 11:09:00
12,2024-01-01 09:50:00
13,2024-01-01 13:24:00
14,2024-01-01 12:09:00
15,2024-01-01 10:34:00
16,2024-01-01 13:31:00
17,2024-01-01 13:50:00
18,2024-01-01 14:13:00
19,2024-01-01 12:14:00
20,2024-01-01 14:18:00
21,2024-01-01 12:43:00
22,2024-01-01 13:53:00
23,2024-01-01 13:52:00
24,2024-01-01 09:51:00
25,2024-01-01 13:07:00
26,2024-01-01 13:53:00
27,2024-01-01 11:04:00
28,2024-01-01 12:21:00
29,2024-01-01 12:36:00
30,2024-01-01 12:21:00
31,2024-01-01 09:03:00
32,2024-01-01 11:15:00
33,2024-01-01 13:36:00
34,2024-01-01 14:57:00
35,2024-01-01 10:50:00
36,2024-01-01 10:22:00
37,2024-01-01 11:35:00
38,2024-01-01 09:44:00
39,2024-01-01 11:36:00
40,2024-01-01 09:18:00
41,2024-01-01 14:55:00
42,2024-01-01 11:15:00
43,2024-01-01 11:40:00
44,2024-01-01 11:54:00
45,2024-01-01 13:28:00
46,2024-01-01 11:14:00
47,2024-01-01 12:02:00
48,2024-01-01 12:31:00
49,2024-01-01 09:23:00
50,2024-01-01 14:43:00
